leiden_sub,hra_pop_gene_expr_1,hra_pop_gene_expr_2,hra_pop_gene_expr_3,hra_pop_gene_expr_4,hra_pop_gene_expr_5
"0,0",fibroblast (CL:0000057)[561 bg][156 ds],myofibroblast cell (CL:0000186)[406 bg][109 ds],adventitial fibroblast (CL:4052030)[208 bg][63 ds],capillary endothelial cell (CL:0002144)[99 bg][30 ds],astrocyte (CL:0000127)[82 bg][27 ds]
"0,1",intestine goblet cell (CL:0019031)[1997 bg][441 ds],goblet cell (CL:0000160)[756 bg][150 ds],large intestine goblet cell (CL:1000320)[559 bg][109 ds],small intestine goblet cell (CL:1000495)[339 bg][62 ds],paneth cell of epithelium of small intestine (CL:1000343)[28 bg][7 ds]
"0,2",enterocyte (CL:0000584)[1400 bg][240 ds],enterocyte of epithelium of small intestine (CL:1000334)[513 bg][114 ds],hepatocyte (CL:0000182)[90 bg][25 ds],neutrophil (CL:0000775)[48 bg][16 ds],M cell of gut (CL:0000682)[41 bg][10 ds]
"0,3",stem cell (CL:0000034)[96 bg][28 ds],M cell of gut (CL:0000682)[90 bg][21 ds],paneth cell (CL:0000510)[70 bg][20 ds],enterocyte of epithelium of large intestine (CL:0002071)[62 bg][15 ds],colonocyte (CL:1000347)[62 bg][18 ds]
"1,0",pulmonary alveolar type 2 cell (CL:0002063)[480 bg][98 ds],fibroblast (CL:0000057)[273 bg][79 ds],pancreatic PP cell (CL:0002275)[210 bg][58 ds],kidney loop of Henle long descending thin limb outer medulla epithelial cell (CL:4030013)[130 bg][40 ds],myofibroblast cell (CL:0000186)[120 bg][39 ds]
"1,1",plasma cell (CL:0000786)[9076 bg][1531 ds],erythroid lineage cell (CL:0000764)[7200 bg][1103 ds],CD1c-positive myeloid dendritic cell (CL:0002399)[6303 bg][1140 ds],kidney loop of Henle cortical thick ascending limb epithelial cell (CL:1001109)[3462 bg][790 ds],basal cell (CL:0000646)[3156 bg][546 ds]
"1,2","naive thymus-derived CD4-positive, alpha-beta T cell (CL:0000895)[58221 bg][6986 ds]","naive thymus-derived CD8-positive, alpha-beta T cell (CL:0000900)[47127 bg][6062 ds]","CD4-positive, alpha-beta memory T cell (CL:0000897)[26384 bg][4392 ds]","CD8-positive, alpha-beta memory T cell (CL:0000909)[10491 bg][2306 ds]",hematopoietic stem cell (CL:0000037)[7983 bg][1656 ds]
"1,3",erythrocyte (CL:0000232)[70442 bg][6303 ds],erythroid lineage cell (CL:0000764)[19352 bg][2605 ds],erythroblast (CL:0000765)[9879 bg][1935 ds],erythroid progenitor cell (CL:0000038)[5779 bg][1037 ds],alpha-beta T cell (CL:0000789)[2536 bg][575 ds]
"10,0","naive thymus-derived CD4-positive, alpha-beta T cell (CL:0000895)[11912 bg][2711 ds]","CD4-positive, alpha-beta memory T cell (CL:0000897)[11758 bg][2542 ds]","naive thymus-derived CD8-positive, alpha-beta T cell (CL:0000900)[11653 bg][2631 ds]","CD8-positive, alpha-beta memory T cell (CL:0000909)[6408 bg][1729 ds]",hematopoietic stem cell (CL:0000037)[4817 bg][1245 ds]
"10,1",plasma cell (CL:0000786)[3702 bg][789 ds],B cell (CL:0000236)[624 bg][165 ds],plasmablast (CL:0000980)[220 bg][64 ds],microglial cell (CL:0000129)[200 bg][64 ds],macrophage (CL:0000235)[140 bg][44 ds]
"10,2",plasma cell (CL:0000786)[1954 bg][623 ds],erythroid lineage cell (CL:0000764)[1842 bg][614 ds],innate lymphoid cell (CL:0001065)[1498 bg][361 ds],mucosal-associated invariant T cell (CL:0000940)[982 bg][238 ds],respiratory basal cell (CL:0002633)[722 bg][220 ds]
"10,3",fibroblast (CL:0000057)[17716 bg][3838 ds],pericyte (CL:0000669)[6920 bg][1881 ds],alveolar adventitial fibroblast (CL:4028006)[3310 bg][531 ds],endothelial cell of lymphatic vessel (CL:0002138)[2357 bg][492 ds],myofibroblast cell (CL:0000186)[2116 bg][571 ds]
"11,0",fibroblast (CL:0000057)[3096 bg][763 ds],pericyte (CL:0000669)[2840 bg][814 ds],myofibroblast cell (CL:0000186)[2752 bg][568 ds],vascular associated smooth muscle cell (CL:0000359)[2334 bg][659 ds],renal interstitial pericyte (CL:1001318)[1293 bg][366 ds]
"11,1",mast cell (CL:0000097)[15883 bg][1833 ds],basophil (CL:0000767)[817 bg][228 ds],T cell (CL:0000084)[465 bg][153 ds],"naive thymus-derived CD4-positive, alpha-beta T cell (CL:0000895)[309 bg][98 ds]",microglial cell (CL:0000129)[292 bg][96 ds]
"11,2","naive thymus-derived CD4-positive, alpha-beta T cell (CL:0000895)[20328 bg][4195 ds]","CD4-positive, alpha-beta memory T cell (CL:0000897)[18993 bg][4321 ds]",T cell (CL:0000084)[10178 bg][1915 ds],naive T cell (CL:0000898)[7600 bg][1759 ds],"CD8-positive, alpha-beta T cell (CL:0000625)[7575 bg][1505 ds]"
"11,3",capillary endothelial cell (CL:0002144)[21658 bg][3297 ds],endothelial cell of artery (CL:1000413)[21074 bg][3443 ds],vein endothelial cell (CL:0002543)[20970 bg][3748 ds],endothelial cell (CL:0000115)[7394 bg][1570 ds],endothelial cell of venule (CL:1000414)[4743 bg][1001 ds]
"11,4","naive thymus-derived CD4-positive, alpha-beta T cell (CL:0000895)[45505 bg][6602 ds]","naive thymus-derived CD8-positive, alpha-beta T cell (CL:0000900)[36715 bg][5618 ds]","CD4-positive, alpha-beta memory T cell (CL:0000897)[19272 bg][3758 ds]",plasma cell (CL:0000786)[11267 bg][1763 ds],CD1c-positive myeloid dendritic cell (CL:0002399)[10117 bg][1915 ds]
"11,5",mast cell (CL:0000097)[12494 bg][2059 ds],colonocyte (CL:1000347)[922 bg][220 ds],basophil (CL:0000767)[850 bg][263 ds],paneth cell (CL:0000510)[810 bg][183 ds],transit amplifying cell (CL:0009010)[749 bg][179 ds]
"11,6",platelet (CL:0000233)[1569 bg][372 ds],megakaryocyte progenitor cell (CL:0000553)[477 bg][113 ds],common myeloid progenitor (CL:0000049)[94 bg][30 ds],renal medullary fibroblast (CL:4030022)[21 bg][7 ds],mast cell (CL:0000097)[17 bg][5 ds]
"11,7",intestinal tuft cell (CL:0019032)[2526 bg][437 ds],tuft cell (CL:0002204)[789 bg][171 ds],tuft cell of small intestine (CL:0009080)[509 bg][102 ds],kidney cortex collecting duct principal cell (CL:1000714)[54 bg][18 ds],kidney connecting tubule principal cell (CL:4030018)[54 bg][18 ds]
"13,0",Schwann cell (CL:0002573)[5414 bg][756 ds],retinal ganglion cell (CL:0000740)[5400 bg][808 ds],cardiac glial cell (CL:0010020)[5082 bg][638 ds],neuron (CL:0000540)[3469 bg][595 ds],glial cell (CL:0000125)[2633 bg][595 ds]
"13,1",endothelial cell of lymphatic vessel (CL:0002138)[166 bg][51 ds],"naive thymus-derived CD4-positive, alpha-beta T cell (CL:0000895)[72 bg][24 ds]",common lymphoid progenitor (CL:0000051)[28 bg][8 ds],cholangiocyte (CL:1000488)[27 bg][9 ds],vein endothelial cell (CL:0002543)[19 bg][6 ds]
"13,2",fibroblast (CL:0000057)[21162 bg][2684 ds],myofibroblast cell (CL:0000186)[2026 bg][482 ds],kidney interstitial fibroblast (CL:1000692)[1750 bg][449 ds],pericyte (CL:0000669)[1200 bg][370 ds],alveolar type 1 fibroblast cell (CL:4028004)[1110 bg][216 ds]
"13,3","naive thymus-derived CD8-positive, alpha-beta T cell (CL:0000900)[20154 bg][3985 ds]","naive thymus-derived CD4-positive, alpha-beta T cell (CL:0000895)[19370 bg][4103 ds]","CD4-positive, alpha-beta memory T cell (CL:0000897)[9571 bg][2216 ds]",plasma cell (CL:0000786)[6454 bg][1451 ds],erythroid lineage cell (CL:0000764)[5040 bg][1085 ds]
"13,4",neuron (CL:0000540)[851 bg][260 ds],L5 intratelencephalic projecting glutamatergic neuron of the primary motor cortex (CL:4023049)[485 bg][113 ds],enteroendocrine cell (CL:0000164)[414 bg][115 ds],pancreatic PP cell (CL:0002275)[360 bg][103 ds],retinal bipolar neuron (CL:0000748)[313 bg][95 ds]
"13,5",glial cell (CL:0000125)[544 bg][150 ds],astrocyte (CL:0000127)[143 bg][39 ds],melanocyte (CL:0000148)[119 bg][29 ds],monocyte (CL:0000576)[113 bg][36 ds],enteroglial cell (CL:4040002)[96 bg][30 ds]
"13,6",Schwann cell (CL:0002573)[1476 bg][425 ds],retinal ganglion cell (CL:0000740)[1400 bg][404 ds],cardiac glial cell (CL:0010020)[1058 bg][320 ds],neuron (CL:0000540)[892 bg][263 ds],astrocyte (CL:0000127)[740 bg][216 ds]
"13,7",monocyte (CL:0000576)[12058 bg][3333 ds],CD14-positive monocyte (CL:0001054)[11770 bg][3380 ds],"CD14-positive, CD16-negative classical monocyte (CL:0002057)[9552 bg][2773 ds]","CD14-low, CD16-positive monocyte (CL:0002396)[6430 bg][1876 ds]",classical monocyte (CL:0000860)[5346 bg][1649 ds]
"14,0",CD14-positive monocyte (CL:0001054)[327 bg][109 ds],"CD14-positive, CD16-negative classical monocyte (CL:0002057)[237 bg][79 ds]",kidney inner medulla collecting duct principal cell (CL:1000718)[194 bg][57 ds],monocyte (CL:0000576)[144 bg][48 ds],CD1c-positive myeloid dendritic cell (CL:0002399)[114 bg][34 ds]
"14,1",kidney connecting tubule principal cell (CL:4030018)[2686 bg][531 ds],kidney connecting tubule epithelial cell (CL:1000768)[2125 bg][486 ds],kidney cortex collecting duct principal cell (CL:1000714)[1956 bg][429 ds],epithelial cell of distal tubule (CL:0002305)[1769 bg][468 ds],kidney loop of Henle cortical thick ascending limb epithelial cell (CL:1001109)[1590 bg][412 ds]
"15,0",kidney loop of Henle epithelial cell (CL:1000909)[2035 bg][591 ds],kidney loop of Henle cortical thick ascending limb epithelial cell (CL:1001109)[1477 bg][442 ds],kidney loop of Henle medullary thick ascending limb epithelial cell (CL:1001108)[1018 bg][292 ds],macula densa epithelial cell (CL:1000850)[388 bg][125 ds],kidney loop of Henle thin ascending limb epithelial cell (CL:1001107)[252 bg][79 ds]
"15,1",kidney loop of Henle epithelial cell (CL:1000909)[3139 bg][691 ds],kidney loop of Henle cortical thick ascending limb epithelial cell (CL:1001109)[2921 bg][703 ds],macula densa epithelial cell (CL:1000850)[987 bg][303 ds],kidney loop of Henle medullary thick ascending limb epithelial cell (CL:1001108)[944 bg][249 ds],amacrine cell (CL:0000561)[42 bg][14 ds]
"15,2",epithelial cell of early distal convoluted tubule (CL:4030016)[2427 bg][577 ds],epithelial cell of distal tubule (CL:0002305)[1336 bg][342 ds],epithelial cell of late distal convoluted tubule (CL:4030017)[936 bg][261 ds],kidney connecting tubule epithelial cell (CL:1000768)[402 bg][124 ds],kidney connecting tubule principal cell (CL:4030018)[33 bg][11 ds]
"16,0",pulmonary alveolar type 1 cell (CL:0002062)[13831 bg][857 ds],club cell (CL:0000158)[2448 bg][481 ds],pulmonary alveolar epithelial cell (CL:0000322)[1340 bg][264 ds],tracheobronchial serous cell (CL:0019001)[1026 bg][258 ds],pulmonary alveolar type 2 cell (CL:0002063)[926 bg][159 ds]
"16,1",podocyte (CL:0000653)[5751 bg][781 ds],"CD4-positive, CD25-positive, alpha-beta regulatory T cell (CL:0000792)[109 bg][15 ds]",kidney loop of Henle long descending thin limb inner medulla epithelial cell (CL:4030014)[83 bg][23 ds],"CD4-positive, alpha-beta memory T cell (CL:0000897)[24 bg][7 ds]",vasa recta ascending limb cell (CL:1001131)[16 bg][5 ds]
"16,2",fibroblast (CL:0000057)[1634 bg][378 ds],alveolar type 1 fibroblast cell (CL:4028004)[1400 bg][211 ds],myofibroblast cell (CL:0000186)[896 bg][181 ds],erythrocyte (CL:0000232)[433 bg][106 ds],kidney interstitial fibroblast (CL:1000692)[268 bg][83 ds]
"17,0",renal beta-intercalated cell (CL:0002201)[4473 bg][702 ds],podocyte (CL:0000653)[12 bg][4 ds],indirect pathway medium spiny neuron (CL:4023029)[12 bg][4 ds],"CD4-positive, alpha-beta memory T cell (CL:0000897)[9 bg][3 ds]","CD16-positive, CD56-dim natural killer cell, human (CL:0000939)[9 bg][3 ds]"
"17,1",kidney cortex collecting duct intercalated cell (CL:1000715)[1686 bg][451 ds],renal alpha-intercalated cell (CL:0005011)[842 bg][238 ds],epithelial cell of early distal convoluted tubule (CL:4030016)[309 bg][100 ds],kidney connecting tubule alpha-intercalated cell (CL:4030020)[191 bg][55 ds],alveolar type 1 fibroblast cell (CL:4028004)[151 bg][38 ds]
"17,2",plasma cell (CL:0000786)[9358 bg][1612 ds],"CD4-positive, alpha-beta memory T cell (CL:0000897)[9284 bg][2166 ds]",CD1c-positive myeloid dendritic cell (CL:0002399)[9005 bg][1824 ds],"naive thymus-derived CD8-positive, alpha-beta T cell (CL:0000900)[8427 bg][2061 ds]","naive thymus-derived CD4-positive, alpha-beta T cell (CL:0000895)[8298 bg][1935 ds]"
"17,3",kidney outer medulla collecting duct intercalated cell (CL:1000717)[425 bg][117 ds],renal alpha-intercalated cell (CL:0005011)[273 bg][82 ds],kidney outer medulla collecting duct principal cell (CL:1000716)[245 bg][75 ds],kidney connecting tubule principal cell (CL:4030018)[154 bg][48 ds],epithelial cell of distal tubule (CL:0002305)[86 bg][28 ds]
"18,0",adipocyte (CL:0000136)[1928 bg][319 ds],pericyte (CL:0000669)[176 bg][51 ds],endothelial cell (CL:0000115)[176 bg][57 ds],myofibroblast cell (CL:0000186)[125 bg][40 ds],smooth muscle cell (CL:0000192)[120 bg][37 ds]
"18,1",macrophage (CL:0000235)[28321 bg][3634 ds],microglial cell (CL:0000129)[5096 bg][1427 ds],alternatively activated macrophage (CL:0000890)[2866 bg][569 ds],CD1c-positive myeloid dendritic cell (CL:0002399)[2843 bg][701 ds],non-classical monocyte (CL:0000875)[2708 bg][352 ds]
"19,0",kidney loop of Henle epithelial cell (CL:1000909)[1063 bg][342 ds],macula densa epithelial cell (CL:1000850)[442 bg][139 ds],kidney loop of Henle short descending thin limb epithelial cell (CL:4030012)[383 bg][119 ds],kidney loop of Henle medullary thick ascending limb epithelial cell (CL:1001108)[371 bg][111 ds],kidney loop of Henle cortical thick ascending limb epithelial cell (CL:1001109)[367 bg][122 ds]
"19,1",epithelial cell of proximal tubule segment 1 (CL:4030009)[4020 bg][647 ds],epithelial cell of proximal tubule segment 2 (CL:4030010)[3094 bg][472 ds],epithelial cell of proximal tubule segment 3 (CL:4030011)[2790 bg][571 ds],epithelial cell of proximal tubule (CL:0002306)[2535 bg][494 ds],kidney loop of Henle long descending thin limb outer medulla epithelial cell (CL:4030013)[619 bg][178 ds]
"19,2",epithelial cell of proximal tubule segment 3 (CL:4030011)[3599 bg][621 ds],epithelial cell of proximal tubule segment 2 (CL:4030010)[2089 bg][431 ds],epithelial cell of proximal tubule (CL:0002306)[1963 bg][451 ds],epithelial cell of proximal tubule segment 1 (CL:4030009)[1664 bg][431 ds],kidney loop of Henle long descending thin limb outer medulla epithelial cell (CL:4030013)[1123 bg][314 ds]
"19,3",parietal epithelial cell (CL:1000452)[3301 bg][629 ds],kidney interstitial fibroblast (CL:1000692)[565 bg][174 ds],fibroblast (CL:0000057)[377 bg][108 ds],mesothelial cell (CL:0000077)[310 bg][68 ds],podocyte (CL:0000653)[297 bg][74 ds]
"19,4",podocyte (CL:0000653)[6203 bg][794 ds],kidney loop of Henle long descending thin limb inner medulla epithelial cell (CL:4030014)[143 bg][39 ds],"CD4-positive, CD25-positive, alpha-beta regulatory T cell (CL:0000792)[139 bg][23 ds]",endothelial cell of artery (CL:1000413)[66 bg][22 ds],"naive thymus-derived CD4-positive, alpha-beta T cell (CL:0000895)[42 bg][14 ds]"
"2,0","naive thymus-derived CD4-positive, alpha-beta T cell (CL:0000895)[21189 bg][4461 ds]","naive thymus-derived CD8-positive, alpha-beta T cell (CL:0000900)[17968 bg][3781 ds]","CD4-positive, alpha-beta memory T cell (CL:0000897)[12713 bg][2780 ds]","CD8-positive, alpha-beta memory T cell (CL:0000909)[5340 bg][1502 ds]",hematopoietic stem cell (CL:0000037)[2897 bg][784 ds]
"2,1",endothelial cell of artery (CL:1000413)[11682 bg][2247 ds],vasa recta descending limb cell (CL:1001285)[1301 bg][343 ds],endothelial cell of arteriole (CL:1000412)[648 bg][196 ds],pulmonary artery endothelial cell (CL:1001568)[369 bg][104 ds],kidney connecting tubule principal cell (CL:4030018)[331 bg][107 ds]
"2,2",capillary endothelial cell (CL:0002144)[6559 bg][961 ds],endothelial cell of artery (CL:1000413)[2379 bg][543 ds],alveolar capillary type 2 endothelial cell (CL:4028003)[1905 bg][275 ds],alveolar capillary type 1 endothelial cell (CL:4028002)[1442 bg][301 ds],vein endothelial cell (CL:0002543)[725 bg][216 ds]
"2,3",plasma cell (CL:0000786)[9795 bg][1544 ds],erythroid lineage cell (CL:0000764)[7760 bg][1106 ds],CD1c-positive myeloid dendritic cell (CL:0002399)[6218 bg][1082 ds],endocardial cell (CL:0002350)[5009 bg][532 ds],basal cell (CL:0000646)[3247 bg][513 ds]
"2,4",alveolar capillary type 2 endothelial cell (CL:4028003)[6249 bg][561 ds],pulmonary alveolar type 2 cell (CL:0002063)[497 bg][92 ds],capillary endothelial cell (CL:0002144)[378 bg][106 ds],pericyte (CL:0000669)[210 bg][60 ds],kidney interstitial fibroblast (CL:1000692)[145 bg][47 ds]
"20,0",regular ventricular cardiac myocyte (CL:0002131)[1488 bg][354 ds],ventricular cardiac muscle cell (CL:2000046)[780 bg][243 ds],regular atrial cardiac myocyte (CL:0002129)[60 bg][19 ds],pericyte (CL:0000669)[48 bg][16 ds],"CD14-positive, CD16-negative classical monocyte (CL:0002057)[21 bg][7 ds]"
"20,1",regular ventricular cardiac myocyte (CL:0002131)[63 bg][14 ds],regular atrial cardiac myocyte (CL:0002129)[38 bg][12 ds],cell of skeletal muscle (CL:0000188)[31 bg][9 ds],ventricular cardiac muscle cell (CL:2000046)[16 bg][5 ds],myofibroblast cell (CL:0000186)[6 bg][2 ds]
"20,2",regular atrial cardiac myocyte (CL:0002129)[664 bg][113 ds],pericyte (CL:0000669)[57 bg][18 ds],regular ventricular cardiac myocyte (CL:0002131)[30 bg][10 ds],endothelial cell (CL:0000115)[30 bg][10 ds],VIP GABAergic interneuron (CL:4023016)[27 bg][9 ds]
"21,0",trophoblast cell (CL:0000351)[55 bg][12 ds],epithelial cell of distal tubule (CL:0002305)[22 bg][7 ds],nasal mucosa goblet cell (CL:0002480)[6 bg][2 ds],syncytiotrophoblast cell (CL:0000525)[6 bg][2 ds],kidney inner medulla collecting duct principal cell (CL:1000718)[6 bg][2 ds]
"21,1",plasma cell (CL:0000786)[9798 bg][1546 ds],erythroid lineage cell (CL:0000764)[7782 bg][1109 ds],CD1c-positive myeloid dendritic cell (CL:0002399)[6251 bg][1086 ds],basal cell (CL:0000646)[3255 bg][513 ds],respiratory basal cell (CL:0002633)[3247 bg][397 ds]
"3,0",macrophage (CL:0000235)[26173 bg][3920 ds],alternatively activated macrophage (CL:0000890)[2422 bg][553 ds],lung interstitial macrophage (CL:4033043)[2009 bg][354 ds],Hofbauer cell (CL:3000001)[1199 bg][331 ds],cycling macrophage (CL:4033076)[1110 bg][258 ds]
"3,1",macrophage (CL:0000235)[2722 bg][636 ds],inflammatory macrophage (CL:0000863)[1539 bg][453 ds],lung macrophage (CL:1001603)[1037 bg][236 ds],alveolar macrophage (CL:0000583)[751 bg][201 ds],non-classical monocyte (CL:0000875)[622 bg][117 ds]
"3,2",macrophage (CL:0000235)[8184 bg][1515 ds],CD1c-positive myeloid dendritic cell (CL:0002399)[4314 bg][1056 ds],monocyte-derived dendritic cell (CL:0011031)[2681 bg][652 ds],microglial cell (CL:0000129)[2664 bg][804 ds],non-classical monocyte (CL:0000875)[2375 bg][358 ds]
"3,3",fibroblast (CL:0000057)[17277 bg][2522 ds],pericyte (CL:0000669)[3749 bg][1051 ds],myofibroblast cell (CL:0000186)[3005 bg][618 ds],kidney interstitial fibroblast (CL:1000692)[2331 bg][532 ds],mesenchymal cell (CL:0008019)[1163 bg][324 ds]
"3,4",memory B cell (CL:0000787)[91929 bg][8585 ds],naive B cell (CL:0000788)[79238 bg][8065 ds],CD1c-positive myeloid dendritic cell (CL:0002399)[55536 bg][8096 ds],CD141-positive myeloid dendritic cell (CL:0002394)[22965 bg][3863 ds],transitional stage B cell (CL:0000818)[19495 bg][4131 ds]
"3,5","naive thymus-derived CD4-positive, alpha-beta T cell (CL:0000895)[22196 bg][4526 ds]","naive thymus-derived CD8-positive, alpha-beta T cell (CL:0000900)[20920 bg][4155 ds]",plasma cell (CL:0000786)[9474 bg][1638 ds],CD1c-positive myeloid dendritic cell (CL:0002399)[8367 bg][1607 ds],"CD4-positive, alpha-beta memory T cell (CL:0000897)[7816 bg][1866 ds]"
"3,6",neutrophil (CL:0000775)[14912 bg][2964 ds],CD14-positive monocyte (CL:0001054)[9085 bg][2720 ds],"CD14-positive, CD16-negative classical monocyte (CL:0002057)[5345 bg][1574 ds]",classical monocyte (CL:0000860)[4759 bg][1240 ds],monocyte (CL:0000576)[4378 bg][1285 ds]
"3,7",CD14-positive monocyte (CL:0001054)[14812 bg][4252 ds],monocyte (CL:0000576)[10679 bg][3037 ds],classical monocyte (CL:0000860)[9336 bg][2315 ds],"CD14-positive, CD16-negative classical monocyte (CL:0002057)[4934 bg][1497 ds]",non-classical monocyte (CL:0000875)[4571 bg][886 ds]
"3,8",alveolar macrophage (CL:0000583)[2959 bg][313 ds],macrophage (CL:0000235)[1033 bg][272 ds],lung macrophage (CL:1001603)[405 bg][100 ds],alveolar capillary type 1 endothelial cell (CL:4028002)[379 bg][83 ds],inflammatory macrophage (CL:0000863)[340 bg][102 ds]
"4,0",smooth muscle cell (CL:0000192)[1075 bg][234 ds],vascular associated smooth muscle cell (CL:0000359)[712 bg][205 ds],myofibroblast cell (CL:0000186)[678 bg][157 ds],pigmented ciliary epithelial cell (CL:0002303)[186 bg][53 ds],erythrocyte (CL:0000232)[164 bg][40 ds]
"4,1",vascular associated smooth muscle cell (CL:0000359)[16377 bg][3260 ds],"naive thymus-derived CD4-positive, alpha-beta T cell (CL:0000895)[12357 bg][2907 ds]","CD4-positive, alpha-beta memory T cell (CL:0000897)[8806 bg][2112 ds]",smooth muscle cell (CL:0000192)[6753 bg][1082 ds],"naive thymus-derived CD8-positive, alpha-beta T cell (CL:0000900)[5440 bg][1326 ds]"
"4,2",pericyte (CL:0000669)[24663 bg][3808 ds],erythroid lineage cell (CL:0000764)[2166 bg][722 ds],plasma cell (CL:0000786)[1977 bg][640 ds],CD1c-positive myeloid dendritic cell (CL:0002399)[1208 bg][350 ds],vascular associated smooth muscle cell (CL:0000359)[1171 bg][315 ds]
"5,0",fibroblast (CL:0000057)[13121 bg][1548 ds],plasma cell (CL:0000786)[5970 bg][1306 ds],erythroid lineage cell (CL:0000764)[5102 bg][1053 ds],CD1c-positive myeloid dendritic cell (CL:0002399)[4647 bg][962 ds],basal cell (CL:0000646)[1931 bg][425 ds]
"5,1","naive thymus-derived CD4-positive, alpha-beta T cell (CL:0000895)[76669 bg][7709 ds]","naive thymus-derived CD8-positive, alpha-beta T cell (CL:0000900)[51106 bg][6299 ds]","CD4-positive, alpha-beta memory T cell (CL:0000897)[41980 bg][5558 ds]","CD8-positive, alpha-beta memory T cell (CL:0000909)[13357 bg][2714 ds]",hematopoietic stem cell (CL:0000037)[7360 bg][1531 ds]
"5,2",fibroblast (CL:0000057)[599 bg][188 ds],myofibroblast cell (CL:0000186)[586 bg][168 ds],alveolar type 1 fibroblast cell (CL:4028004)[213 bg][55 ds],mesenchymal cell (CL:0008019)[203 bg][65 ds],pericyte (CL:0000669)[190 bg][61 ds]
"6,0","naive thymus-derived CD4-positive, alpha-beta T cell (CL:0000895)[46891 bg][6820 ds]","naive thymus-derived CD8-positive, alpha-beta T cell (CL:0000900)[34937 bg][5622 ds]","CD4-positive, alpha-beta memory T cell (CL:0000897)[26623 bg][4520 ds]","CD8-positive, alpha-beta memory T cell (CL:0000909)[9738 bg][2340 ds]",memory B cell (CL:0000787)[6812 bg][1497 ds]
"6,1",cholangiocyte (CL:1000488)[338 bg][98 ds],pancreatic PP cell (CL:0002275)[253 bg][66 ds],endothelial cell (CL:0000115)[214 bg][69 ds],endothelial cell of artery (CL:1000413)[150 bg][46 ds],fibroblast (CL:0000057)[130 bg][40 ds]
"6,2","CD16-positive, CD56-dim natural killer cell, human (CL:0000939)[57107 bg][12673 ds]",mature NK T cell (CL:0000814)[40889 bg][9290 ds],natural killer cell (CL:0000623)[39130 bg][8390 ds],"CD16-negative, CD56-bright natural killer cell, human (CL:0000938)[38070 bg][7933 ds]",type I NK T cell (CL:0000921)[16338 bg][4513 ds]
"6,3","CD4-positive, alpha-beta memory T cell (CL:0000897)[9878 bg][2332 ds]",granzyme K-associated CD8 T cell (CL:4052021)[9224 bg][2359 ds],"CD8-positive, alpha-beta memory T cell (CL:0000909)[8546 bg][2191 ds]","naive thymus-derived CD4-positive, alpha-beta T cell (CL:0000895)[8169 bg][1908 ds]","CD8-positive, alpha-beta T cell (CL:0000625)[7434 bg][1491 ds]"
"6,4","CD4-positive, alpha-beta memory T cell (CL:0000897)[20499 bg][3916 ds]","naive thymus-derived CD4-positive, alpha-beta T cell (CL:0000895)[18670 bg][3868 ds]",naive T cell (CL:0000898)[6974 bg][1652 ds],T cell (CL:0000084)[4500 bg][1133 ds],"CD4-positive, alpha-beta T cell (CL:0000624)[3700 bg][719 ds]"
"6,5","CD4-positive, CD25-positive, alpha-beta regulatory T cell (CL:0000792)[17539 bg][4332 ds]",regulatory T cell (CL:0000815)[12130 bg][2707 ds],T follicular helper cell (CL:0002038)[308 bg][97 ds],naive regulatory T cell (CL:0002677)[221 bg][63 ds],"CD4-positive, alpha-beta memory T cell (CL:0000897)[172 bg][53 ds]"
"7,0",fibroblast (CL:0000057)[304 bg][99 ds],parietal epithelial cell (CL:1000452)[153 bg][49 ds],adventitial fibroblast (CL:4052030)[133 bg][44 ds],myofibroblast cell (CL:0000186)[112 bg][34 ds],alveolar adventitial fibroblast (CL:4028006)[67 bg][21 ds]
"7,1",deuterosomal cell (CL:4033044)[156 bg][42 ds],alveolar capillary type 1 endothelial cell (CL:4028002)[6 bg][2 ds],CCL3-positive alveolar macrophage (CL:4033041)[6 bg][2 ds],multiciliated columnar cell of tracheobronchial tree (CL:0002145)[6 bg][2 ds],fibroblast (CL:0000057)[4 bg][1 ds]
"7,2",pulmonary alveolar type 2 cell (CL:0002063)[766 bg][152 ds],tracheobronchial serous cell (CL:0019001)[222 bg][71 ds],club cell (CL:0000158)[131 bg][43 ds],naive B cell (CL:0000788)[111 bg][37 ds],pulmonary alveolar epithelial cell (CL:0000322)[64 bg][20 ds]
"8,0",fibroblast (CL:0000057)[471 bg][143 ds],myofibroblast cell (CL:0000186)[448 bg][114 ds],pulmonary alveolar type 2 cell (CL:0002063)[185 bg][50 ds],adipocyte (CL:0000136)[149 bg][42 ds],pericyte (CL:0000669)[143 bg][46 ds]
"8,1",endothelial cell of lymphatic vessel (CL:0002138)[3900 bg][769 ds],endothelial cell of respiratory system lymphatic vessel (CL:0009086)[685 bg][188 ds],alveolar capillary type 2 endothelial cell (CL:4028003)[48 bg][16 ds],pulmonary alveolar type 2 cell (CL:0002063)[33 bg][11 ds],vein endothelial cell (CL:0002543)[31 bg][10 ds]
"8,2",endothelial cell of lymphatic vessel (CL:0002138)[15236 bg][2223 ds],endothelial cell of respiratory system lymphatic vessel (CL:0009086)[1634 bg][325 ds],vein endothelial cell (CL:0002543)[626 bg][192 ds],endothelial cell (CL:0000115)[575 bg][174 ds],endocardial cell (CL:0002350)[289 bg][62 ds]
"8,3",plasma cell (CL:0000786)[11592 bg][1743 ds],erythroid lineage cell (CL:0000764)[8904 bg][1148 ds],CD1c-positive myeloid dendritic cell (CL:0002399)[8542 bg][1615 ds],"CD4-positive, alpha-beta memory T cell (CL:0000897)[6777 bg][1660 ds]",respiratory basal cell (CL:0002633)[3973 bg][479 ds]
"8,4",endothelial cell of artery (CL:1000413)[1472 bg][417 ds],vasa recta descending limb cell (CL:1001285)[363 bg][118 ds],endothelial cell of lymphatic vessel (CL:0002138)[312 bg][85 ds],endothelial cell of arteriole (CL:1000412)[163 bg][52 ds],peritubular capillary endothelial cell (CL:1001033)[120 bg][40 ds]
"9,0",fibroblast (CL:0000057)[1564 bg][424 ds],myofibroblast cell (CL:0000186)[1164 bg][292 ds],endothelial cell (CL:0000115)[1082 bg][219 ds],pericyte (CL:0000669)[1064 bg][325 ds],kidney interstitial fibroblast (CL:1000692)[709 bg][226 ds]
"9,1",memory B cell (CL:0000787)[28018 bg][5470 ds],naive B cell (CL:0000788)[17866 bg][3409 ds],B cell (CL:0000236)[9435 bg][1416 ds],transitional stage B cell (CL:0000818)[7635 bg][2105 ds],plasma cell (CL:0000786)[3461 bg][854 ds]
"9,2","CD4-positive, alpha-beta memory T cell (CL:0000897)[28768 bg][5546 ds]","naive thymus-derived CD4-positive, alpha-beta T cell (CL:0000895)[24717 bg][4882 ds]",T cell (CL:0000084)[9664 bg][1863 ds],naive T cell (CL:0000898)[9392 bg][2071 ds],"CD8-positive, alpha-beta T cell (CL:0000625)[7755 bg][1466 ds]"
"9,3",memory B cell (CL:0000787)[57740 bg][8341 ds],"naive thymus-derived CD4-positive, alpha-beta T cell (CL:0000895)[56480 bg][7066 ds]",naive B cell (CL:0000788)[50695 bg][7800 ds],"naive thymus-derived CD8-positive, alpha-beta T cell (CL:0000900)[43242 bg][6061 ds]",CD1c-positive myeloid dendritic cell (CL:0002399)[35450 bg][7514 ds]
"9,4",pro-B cell (CL:0000826)[4012 bg][765 ds],precursor B cell (CL:0000817)[3249 bg][598 ds],naive B cell (CL:0000788)[514 bg][122 ds],memory B cell (CL:0000787)[405 bg][96 ds],transitional stage B cell (CL:0000818)[386 bg][114 ds]
"9,5",plasmacytoid dendritic cell (CL:0000784)[7482 bg][1404 ds],plasma cell (CL:0000786)[5416 bg][1290 ds],erythroid lineage cell (CL:0000764)[3766 bg][900 ds],CD1c-positive myeloid dendritic cell (CL:0002399)[3004 bg][732 ds],respiratory basal cell (CL:0002633)[1722 bg][337 ds]
