leiden_sub,hra_pop_nsforest_1,hra_pop_nsforest_2,hra_pop_nsforest_3,hra_pop_nsforest_4,hra_pop_nsforest_5
"0,0",endothelial cell of lymphatic vessel (CL:0002138)[954 bg][786 ds],endocardial cell (CL:0002350)[606 bg][290 ds],fibroblast (CL:0000057)[496 bg][458 ds],microglial cell (CL:0000129)[474 bg][470 ds],sst GABAergic interneuron (CL:4023017)[461 bg][461 ds]
"0,1",intestine goblet cell (CL:0019031)[615 bg][519 ds],capillary endothelial cell (CL:0002144)[328 bg][238 ds],oligodendrocyte (CL:0000128)[300 bg][300 ds],goblet cell (CL:0000160)[281 bg][232 ds],large intestine goblet cell (CL:1000320)[187 bg][138 ds]
"0,2",enterocyte (CL:0000584)[486 bg][352 ds],endothelial cell of artery (CL:1000413)[250 bg][215 ds],epithelial cell of proximal tubule (CL:0002306)[250 bg][250 ds],hepatocyte (CL:0000182)[238 bg][194 ds],epithelial cell of proximal tubule segment 1 (CL:4030009)[201 bg][200 ds]
"0,3",pericyte (CL:0000669)[239 bg][229 ds],endocardial cell (CL:0002350)[187 bg][126 ds],fibroblast (CL:0000057)[184 bg][163 ds],neuron (CL:0000540)[178 bg][178 ds],pancreatic ductal cell (CL:0002079)[171 bg][136 ds]
"1,0","CD4-positive, alpha-beta memory T cell (CL:0000897)[732 bg][682 ds]","naive thymus-derived CD4-positive, alpha-beta T cell (CL:0000895)[660 bg][653 ds]",fibroblast (CL:0000057)[450 bg][412 ds],alpha-beta T cell (CL:0000789)[268 bg][267 ds],naive T cell (CL:0000898)[232 bg][231 ds]
"1,1",endothelial cell of artery (CL:1000413)[868 bg][845 ds],kidney loop of Henle epithelial cell (CL:1000909)[794 bg][733 ds],kidney loop of Henle cortical thick ascending limb epithelial cell (CL:1001109)[762 bg][606 ds],memory B cell (CL:0000787)[511 bg][463 ds],basal cell (CL:0000646)[482 bg][326 ds]
"1,2","naive thymus-derived CD4-positive, alpha-beta T cell (CL:0000895)[181 bg][151 ds]","naive thymus-derived CD8-positive, alpha-beta T cell (CL:0000900)[73 bg][62 ds]",plasma cell (CL:0000786)[51 bg][45 ds],paneth cell (CL:0000510)[48 bg][41 ds],naive T cell (CL:0000898)[40 bg][26 ds]
"1,3",erythrocyte (CL:0000232)[10127 bg][5549 ds],erythroid lineage cell (CL:0000764)[2692 bg][2178 ds],erythroblast (CL:0000765)[2027 bg][1636 ds],alpha-beta T cell (CL:0000789)[884 bg][536 ds],"naive thymus-derived CD4-positive, alpha-beta T cell (CL:0000895)[669 bg][455 ds]"
"10,0","naive thymus-derived CD4-positive, alpha-beta T cell (CL:0000895)[118 bg][99 ds]",paneth cell (CL:0000510)[53 bg][42 ds],plasma cell (CL:0000786)[40 bg][37 ds],T cell (CL:0000084)[38 bg][35 ds],epithelial cell (CL:0000066)[37 bg][32 ds]
"10,1",plasma cell (CL:0000786)[369 bg][338 ds],naive B cell (CL:0000788)[328 bg][318 ds],"CD4-positive, alpha-beta memory T cell (CL:0000897)[317 bg][301 ds]",alpha-beta T cell (CL:0000789)[212 bg][202 ds],memory B cell (CL:0000787)[155 bg][152 ds]
"10,2","naive thymus-derived CD4-positive, alpha-beta T cell (CL:0000895)[225 bg][218 ds]","CD4-positive, alpha-beta memory T cell (CL:0000897)[224 bg][216 ds]",memory B cell (CL:0000787)[201 bg][192 ds],plasma cell (CL:0000786)[162 bg][146 ds],"CD4-positive, CD25-positive, alpha-beta regulatory T cell (CL:0000792)[160 bg][158 ds]"
"10,3",fibroblast (CL:0000057)[4240 bg][3591 ds],monocyte (CL:0000576)[1067 bg][1050 ds],"CD4-positive, alpha-beta memory T cell (CL:0000897)[777 bg][757 ds]",macrophage (CL:0000235)[728 bg][691 ds],memory B cell (CL:0000787)[675 bg][576 ds]
"11,0",monocyte (CL:0000576)[674 bg][674 ds],fibroblast (CL:0000057)[585 bg][531 ds],"CD14-low, CD16-positive monocyte (CL:0002396)[494 bg][494 ds]","CD4-positive, alpha-beta memory T cell (CL:0000897)[364 bg][360 ds]","CD4-positive, alpha-beta cytotoxic T cell (CL:0000934)[298 bg][298 ds]"
"11,1",mast cell (CL:0000097)[4160 bg][2616 ds],pulmonary alveolar type 2 cell (CL:0002063)[978 bg][577 ds],caudal ganglionic eminence derived interneuron (CL:4023064)[815 bg][815 ds],innate lymphoid cell (CL:0001065)[750 bg][721 ds],basophil (CL:0000767)[703 bg][689 ds]
"11,2","CD4-positive, alpha-beta memory T cell (CL:0000897)[13358 bg][9427 ds]","naive thymus-derived CD4-positive, alpha-beta T cell (CL:0000895)[7939 bg][6306 ds]",T cell (CL:0000084)[2351 bg][2016 ds],"CD4-positive, alpha-beta T cell (CL:0000624)[2323 bg][1614 ds]",naive T cell (CL:0000898)[1935 bg][1413 ds]
"11,3",vein endothelial cell (CL:0002543)[2329 bg][1837 ds],capillary endothelial cell (CL:0002144)[1689 bg][1310 ds],endothelial cell of artery (CL:1000413)[1498 bg][1132 ds],endothelial cell (CL:0000115)[1264 bg][1050 ds],neuron (CL:0000540)[510 bg][510 ds]
"11,4",basal cell (CL:0000646)[441 bg][256 ds],plasma cell (CL:0000786)[348 bg][222 ds],erythroblast (CL:0000765)[302 bg][174 ds],pyramidal neuron (CL:0000598)[179 bg][118 ds],"naive thymus-derived CD4-positive, alpha-beta T cell (CL:0000895)[154 bg][127 ds]"
"11,5",mast cell (CL:0000097)[4002 bg][2620 ds],endothelial cell of lymphatic vessel (CL:0002138)[1039 bg][935 ds],caudal ganglionic eminence derived interneuron (CL:4023064)[814 bg][814 ds],paneth cell (CL:0000510)[799 bg][525 ds],innate lymphoid cell (CL:0001065)[725 bg][697 ds]
"11,6",endothelial cell of lymphatic vessel (CL:0002138)[890 bg][725 ds],platelet (CL:0000233)[715 bg][636 ds],common myeloid progenitor (CL:0000049)[354 bg][340 ds],vascular associated smooth muscle cell (CL:0000359)[306 bg][288 ds],megakaryocyte progenitor cell (CL:0000553)[302 bg][253 ds]
"11,7",oligodendrocyte (CL:0000128)[828 bg][783 ds],intestinal tuft cell (CL:0019032)[658 bg][487 ds],sst GABAergic interneuron (CL:4023017)[256 bg][252 ds],CD1c-positive myeloid dendritic cell (CL:0002399)[236 bg][228 ds],tuft cell (CL:0002204)[227 bg][210 ds]
"13,0",Schwann cell (CL:0002573)[955 bg][755 ds],glial cell (CL:0000125)[929 bg][819 ds],cardiac glial cell (CL:0010020)[801 bg][633 ds],retinal ganglion cell (CL:0000740)[753 bg][563 ds],"CD4-positive, alpha-beta memory T cell (CL:0000897)[743 bg][691 ds]"
"13,1","naive thymus-derived CD4-positive, alpha-beta T cell (CL:0000895)[3159 bg][2308 ds]",vein endothelial cell (CL:0002543)[480 bg][408 ds],"CD4-positive, alpha-beta memory T cell (CL:0000897)[345 bg][317 ds]",fibroblast (CL:0000057)[299 bg][222 ds],naive T cell (CL:0000898)[263 bg][245 ds]
"13,2",fibroblast (CL:0000057)[7090 bg][4899 ds],myofibroblast cell (CL:0000186)[849 bg][765 ds],memory B cell (CL:0000787)[666 bg][567 ds],mucosal-associated invariant T cell (CL:0000940)[455 bg][423 ds],kidney interstitial fibroblast (CL:1000692)[431 bg][386 ds]
"13,3","CD4-positive, alpha-beta memory T cell (CL:0000897)[2239 bg][1585 ds]",melanocyte (CL:0000148)[1389 bg][971 ds],caudal ganglionic eminence derived interneuron (CL:4023064)[816 bg][816 ds],mast cell (CL:0000097)[723 bg][483 ds],innate lymphoid cell (CL:0001065)[689 bg][664 ds]
"13,4",neuron (CL:0000540)[491 bg][442 ds],CD1c-positive myeloid dendritic cell (CL:0002399)[264 bg][250 ds],amacrine cell (CL:0000561)[219 bg][207 ds],kidney connecting tubule epithelial cell (CL:1000768)[209 bg][204 ds],endocardial cell (CL:0002350)[207 bg][131 ds]
"13,5","CD14-low, CD16-positive monocyte (CL:0002396)[1817 bg][1817 ds]",monocyte (CL:0000576)[1305 bg][1301 ds],glial cell (CL:0000125)[551 bg][514 ds],platelet (CL:0000233)[517 bg][444 ds],oligodendrocyte (CL:0000128)[432 bg][422 ds]
"13,6",neuron (CL:0000540)[477 bg][439 ds],retinal ganglion cell (CL:0000740)[454 bg][398 ds],astrocyte (CL:0000127)[307 bg][278 ds],glial cell (CL:0000125)[269 bg][251 ds],retina horizontal cell (CL:0000745)[234 bg][204 ds]
"13,7",CD1c-positive myeloid dendritic cell (CL:0002399)[1214 bg][1086 ds],monocyte (CL:0000576)[943 bg][918 ds],classical monocyte (CL:0000860)[797 bg][791 ds],platelet (CL:0000233)[384 bg][337 ds],"CD4-positive, alpha-beta memory T cell (CL:0000897)[288 bg][277 ds]"
"14,0",endocardial cell (CL:0002350)[298 bg][135 ds],"CD4-positive, alpha-beta memory T cell (CL:0000897)[181 bg][181 ds]",astrocyte (CL:0000127)[166 bg][162 ds],platelet (CL:0000233)[165 bg][152 ds],fibroblast (CL:0000057)[141 bg][105 ds]
"14,1",endothelial cell of artery (CL:1000413)[1392 bg][1228 ds],epithelial cell of distal tubule (CL:0002305)[442 bg][428 ds],kidney loop of Henle cortical thick ascending limb epithelial cell (CL:1001109)[434 bg][433 ds],neuron (CL:0000540)[335 bg][305 ds],kidney connecting tubule principal cell (CL:4030018)[277 bg][235 ds]
"15,0",kidney loop of Henle epithelial cell (CL:1000909)[932 bg][858 ds],kidney loop of Henle cortical thick ascending limb epithelial cell (CL:1001109)[786 bg][627 ds],memory B cell (CL:0000787)[506 bg][458 ds],kidney loop of Henle medullary thick ascending limb epithelial cell (CL:1001108)[299 bg][246 ds],transitional stage B cell (CL:0000818)[218 bg][218 ds]
"15,1",kidney loop of Henle cortical thick ascending limb epithelial cell (CL:1001109)[1112 bg][802 ds],kidney loop of Henle epithelial cell (CL:1000909)[1102 bg][937 ds],mucosal-associated invariant T cell (CL:0000940)[308 bg][287 ds],kidney loop of Henle medullary thick ascending limb epithelial cell (CL:1001108)[263 bg][231 ds],naive B cell (CL:0000788)[235 bg][215 ds]
"15,2",epithelial cell of early distal convoluted tubule (CL:4030016)[779 bg][666 ds],epithelial cell of distal tubule (CL:0002305)[586 bg][506 ds],microglial cell (CL:0000129)[373 bg][370 ds],Hofbauer cell (CL:3000001)[368 bg][366 ds],caudal ganglionic eminence derived interneuron (CL:4023064)[312 bg][312 ds]
"16,0",pulmonary alveolar type 1 cell (CL:0002062)[1123 bg][579 ds],endothelial cell of artery (CL:1000413)[910 bg][887 ds],club cell (CL:0000158)[433 bg][339 ds],neuron (CL:0000540)[274 bg][274 ds],endothelial cell (CL:0000115)[158 bg][153 ds]
"16,1",podocyte (CL:0000653)[1569 bg][848 ds],pericyte (CL:0000669)[321 bg][306 ds],endothelial cell of artery (CL:1000413)[252 bg][250 ds],capillary endothelial cell (CL:0002144)[219 bg][215 ds],"CD4-positive, alpha-beta memory T cell (CL:0000897)[145 bg][145 ds]"
"16,2",fibroblast (CL:0000057)[968 bg][817 ds],myofibroblast cell (CL:0000186)[362 bg][338 ds],erythrocyte (CL:0000232)[205 bg][178 ds],memory B cell (CL:0000787)[187 bg][168 ds],transitional stage B cell (CL:0000818)[180 bg][180 ds]
"17,0","CD4-positive, alpha-beta memory T cell (CL:0000897)[2601 bg][1907 ds]",renal beta-intercalated cell (CL:0002201)[1650 bg][845 ds],"naive thymus-derived CD4-positive, alpha-beta T cell (CL:0000895)[1490 bg][1292 ds]",sst GABAergic interneuron (CL:4023017)[515 bg][482 ds],"CD4-positive, alpha-beta cytotoxic T cell (CL:0000934)[326 bg][326 ds]"
"17,1","naive thymus-derived CD4-positive, alpha-beta T cell (CL:0000895)[5536 bg][4308 ds]","naive thymus-derived CD8-positive, alpha-beta T cell (CL:0000900)[1287 bg][1157 ds]",CD141-positive myeloid dendritic cell (CL:0002394)[742 bg][685 ds],"CD4-positive, alpha-beta memory T cell (CL:0000897)[572 bg][533 ds]",kidney cortex collecting duct intercalated cell (CL:1000715)[389 bg][341 ds]
"17,2",memory B cell (CL:0000787)[510 bg][462 ds],basal cell (CL:0000646)[384 bg][237 ds],"CD4-negative, CD8-negative, alpha-beta intraepithelial T cell (CL:0000935)[327 bg][327 ds]",plasma cell (CL:0000786)[293 bg][202 ds],erythroblast (CL:0000765)[243 bg][145 ds]
"17,3",caudal ganglionic eminence derived interneuron (CL:4023064)[1367 bg][1181 ds],mast cell (CL:0000097)[721 bg][481 ds],innate lymphoid cell (CL:0001065)[667 bg][645 ds],renal alpha-intercalated cell (CL:0005011)[587 bg][577 ds],kidney cortex collecting duct intercalated cell (CL:1000715)[456 bg][433 ds]
"18,0",adipocyte (CL:0000136)[580 bg][369 ds],plasmacytoid dendritic cell (CL:0000784)[526 bg][444 ds],regular atrial cardiac myocyte (CL:0002129)[186 bg][139 ds],pericyte (CL:0000669)[180 bg][171 ds],endothelial cell (CL:0000115)[114 bg][113 ds]
"18,1",macrophage (CL:0000235)[7907 bg][5049 ds],inflammatory macrophage (CL:0000863)[1218 bg][1117 ds],lung interstitial macrophage (CL:4033043)[927 bg][632 ds],microglial cell (CL:0000129)[712 bg][641 ds],alternatively activated macrophage (CL:0000890)[581 bg][473 ds]
"19,0","CD4-positive, alpha-beta memory T cell (CL:0000897)[2687 bg][1936 ds]","naive thymus-derived CD4-positive, alpha-beta T cell (CL:0000895)[2684 bg][2213 ds]",endothelial cell of artery (CL:1000413)[909 bg][886 ds],memory B cell (CL:0000787)[610 bg][552 ds],"CD4-negative, CD8-negative, alpha-beta intraepithelial T cell (CL:0000935)[334 bg][333 ds]"
"19,1",epithelial cell of proximal tubule (CL:0002306)[771 bg][586 ds],epithelial cell of proximal tubule segment 1 (CL:4030009)[534 bg][470 ds],kidney loop of Henle long descending thin limb outer medulla epithelial cell (CL:4030013)[231 bg][213 ds],epithelial cell of proximal tubule segment 3 (CL:4030011)[203 bg][167 ds],epithelial cell of proximal tubule segment 2 (CL:4030010)[168 bg][130 ds]
"19,2","naive thymus-derived CD4-positive, alpha-beta T cell (CL:0000895)[1270 bg][1088 ds]",epithelial cell of proximal tubule segment 3 (CL:4030011)[348 bg][254 ds],epithelial cell of proximal tubule (CL:0002306)[338 bg][285 ds],kidney loop of Henle long descending thin limb outer medulla epithelial cell (CL:4030013)[216 bg][193 ds],cholangiocyte (CL:1000488)[178 bg][161 ds]
"19,3","naive thymus-derived CD4-positive, alpha-beta T cell (CL:0000895)[1853 bg][1424 ds]",mature NK T cell (CL:0000814)[520 bg][520 ds],parietal epithelial cell (CL:1000452)[485 bg][408 ds],vein endothelial cell (CL:0002543)[475 bg][398 ds],fibroblast (CL:0000057)[348 bg][295 ds]
"19,4",podocyte (CL:0000653)[1563 bg][843 ds],endothelial cell of artery (CL:1000413)[389 bg][384 ds],capillary endothelial cell (CL:0002144)[278 bg][272 ds],"CD4-positive, alpha-beta memory T cell (CL:0000897)[139 bg][139 ds]",pulmonary alveolar type 1 cell (CL:0002062)[139 bg][117 ds]
"2,0","naive thymus-derived CD4-positive, alpha-beta T cell (CL:0000895)[1938 bg][1496 ds]",vein endothelial cell (CL:0002543)[1452 bg][1302 ds],capillary endothelial cell (CL:0002144)[1449 bg][1415 ds],memory B cell (CL:0000787)[670 bg][570 ds],endothelial cell (CL:0000115)[627 bg][561 ds]
"2,1",endothelial cell of artery (CL:1000413)[6420 bg][4176 ds],pulmonary artery endothelial cell (CL:1001568)[580 bg][491 ds],endothelial cell (CL:0000115)[362 bg][352 ds],capillary endothelial cell (CL:0002144)[360 bg][347 ds],vasa recta descending limb cell (CL:1001285)[276 bg][238 ds]
"2,2","CD4-positive, alpha-beta memory T cell (CL:0000897)[10747 bg][8113 ds]",capillary endothelial cell (CL:0002144)[4401 bg][2653 ds],"naive thymus-derived CD4-positive, alpha-beta T cell (CL:0000895)[4046 bg][3775 ds]","CD4-positive, alpha-beta T cell (CL:0000624)[1546 bg][1305 ds]","effector CD4-positive, alpha-beta T cell (CL:0001044)[1143 bg][1140 ds]"
"2,3",endocardial cell (CL:0002350)[1824 bg][697 ds],endothelial cell of lymphatic vessel (CL:0002138)[913 bg][750 ds],memory B cell (CL:0000787)[668 bg][569 ds],vein endothelial cell (CL:0002543)[429 bg][394 ds],basal cell (CL:0000646)[401 bg][238 ds]
"2,4",pulmonary alveolar type 2 cell (CL:0002063)[1065 bg][622 ds],capillary endothelial cell (CL:0002144)[957 bg][821 ds],endothelial cell of artery (CL:1000413)[793 bg][774 ds],naive B cell (CL:0000788)[791 bg][755 ds],alveolar capillary type 2 endothelial cell (CL:4028003)[789 bg][383 ds]
"20,0",pericyte (CL:0000669)[1186 bg][928 ds],regular ventricular cardiac myocyte (CL:0002131)[408 bg][305 ds],"naive thymus-derived CD4-positive, alpha-beta T cell (CL:0000895)[353 bg][342 ds]",endocardial cell (CL:0002350)[302 bg][140 ds],capillary endothelial cell (CL:0002144)[277 bg][262 ds]
"20,1","CD4-positive, alpha-beta memory T cell (CL:0000897)[1026 bg][948 ds]",regular ventricular cardiac myocyte (CL:0002131)[131 bg][111 ds],"CD4-positive, alpha-beta cytotoxic T cell (CL:0000934)[111 bg][111 ds]",regular atrial cardiac myocyte (CL:0002129)[94 bg][80 ds],"CD4-positive, CD25-positive, alpha-beta regulatory T cell (CL:0000792)[87 bg][87 ds]"
"20,2",naive B cell (CL:0000788)[763 bg][728 ds],regular atrial cardiac myocyte (CL:0002129)[413 bg][265 ds],pulmonary alveolar type 2 cell (CL:0002063)[196 bg][140 ds],pericyte (CL:0000669)[194 bg][182 ds],VIP GABAergic interneuron (CL:4023016)[161 bg][158 ds]
"21,0",memory B cell (CL:0000787)[118 bg][111 ds],mucosal-associated invariant T cell (CL:0000940)[96 bg][88 ds],plasma cell (CL:0000786)[53 bg][53 ds],alpha-beta T cell (CL:0000789)[50 bg][50 ds],amacrine cell (CL:0000561)[48 bg][48 ds]
"21,1","CD14-low, CD16-positive monocyte (CL:0002396)[2308 bg][2142 ds]",monocyte (CL:0000576)[1895 bg][1826 ds],endothelial cell of artery (CL:1000413)[603 bg][534 ds],sst GABAergic interneuron (CL:4023017)[459 bg][459 ds],basal cell (CL:0000646)[412 bg][246 ds]
"3,0",macrophage (CL:0000235)[10303 bg][6311 ds],lung interstitial macrophage (CL:4033043)[1369 bg][755 ds],inflammatory macrophage (CL:0000863)[1029 bg][960 ds],alternatively activated macrophage (CL:0000890)[720 bg][559 ds],Hofbauer cell (CL:3000001)[713 bg][595 ds]
"3,1",inflammatory macrophage (CL:0000863)[1063 bg][989 ds],macrophage (CL:0000235)[969 bg][885 ds],lung macrophage (CL:1001603)[459 bg][365 ds],alveolar macrophage (CL:0000583)[458 bg][419 ds],microglial cell (CL:0000129)[294 bg][274 ds]
"3,2",CD14-positive monocyte (CL:0001054)[2905 bg][2869 ds],macrophage (CL:0000235)[2424 bg][2109 ds],"CD14-positive, CD16-negative classical monocyte (CL:0002057)[1218 bg][1203 ds]",classical monocyte (CL:0000860)[1077 bg][966 ds],CD1c-positive myeloid dendritic cell (CL:0002399)[1028 bg][869 ds]
"3,3",fibroblast (CL:0000057)[5179 bg][3943 ds],memory B cell (CL:0000787)[761 bg][627 ds],myofibroblast cell (CL:0000186)[527 bg][486 ds],mucosal-associated invariant T cell (CL:0000940)[457 bg][424 ds],"CD4-positive, alpha-beta memory T cell (CL:0000897)[420 bg][415 ds]"
"3,4",CD1c-positive myeloid dendritic cell (CL:0002399)[7092 bg][5185 ds],memory B cell (CL:0000787)[2099 bg][1601 ds],naive B cell (CL:0000788)[1588 bg][1390 ds],CD141-positive myeloid dendritic cell (CL:0002394)[1157 bg][1014 ds],dendritic cell (CL:0000451)[760 bg][631 ds]
"3,5",basal cell (CL:0000646)[370 bg][223 ds],plasma cell (CL:0000786)[292 bg][202 ds],erythroblast (CL:0000765)[253 bg][154 ds],pyramidal neuron (CL:0000598)[162 bg][108 ds],"naive thymus-derived CD4-positive, alpha-beta T cell (CL:0000895)[128 bg][111 ds]"
"3,6",CD14-positive monocyte (CL:0001054)[9776 bg][8091 ds],"CD14-positive, CD16-negative classical monocyte (CL:0002057)[5491 bg][4219 ds]",neutrophil (CL:0000775)[2864 bg][2147 ds],classical monocyte (CL:0000860)[2272 bg][1829 ds],monocyte (CL:0000576)[1288 bg][1146 ds]
"3,7",CD14-positive monocyte (CL:0001054)[4301 bg][4008 ds],classical monocyte (CL:0000860)[2615 bg][2442 ds],"CD14-positive, CD16-negative classical monocyte (CL:0002057)[1515 bg][1485 ds]",monocyte (CL:0000576)[1005 bg][958 ds],CD1c-positive myeloid dendritic cell (CL:0002399)[899 bg][859 ds]
"3,8",monocyte (CL:0000576)[830 bg][822 ds],alveolar macrophage (CL:0000583)[825 bg][506 ds],inflammatory macrophage (CL:0000863)[782 bg][736 ds],"CD14-low, CD16-positive monocyte (CL:0002396)[665 bg][661 ds]",macrophage (CL:0000235)[462 bg][411 ds]
"4,0",vascular associated smooth muscle cell (CL:0000359)[2872 bg][2391 ds],smooth muscle cell (CL:0000192)[1174 bg][1041 ds],myofibroblast cell (CL:0000186)[747 bg][607 ds],pericyte (CL:0000669)[405 bg][396 ds],mast cell (CL:0000097)[344 bg][285 ds]
"4,1",vascular associated smooth muscle cell (CL:0000359)[5165 bg][3590 ds],smooth muscle cell (CL:0000192)[1755 bg][1230 ds],pericyte (CL:0000669)[1404 bg][1221 ds],myofibroblast cell (CL:0000186)[608 bg][502 ds],renal interstitial pericyte (CL:1001318)[595 bg][489 ds]
"4,2",pericyte (CL:0000669)[6690 bg][4442 ds],memory B cell (CL:0000787)[667 bg][568 ds],capillary endothelial cell (CL:0002144)[291 bg][274 ds],vascular associated smooth muscle cell (CL:0000359)[246 bg][227 ds],renal interstitial pericyte (CL:1001318)[201 bg][193 ds]
"5,0",fibroblast (CL:0000057)[2123 bg][1414 ds],endothelial cell of artery (CL:1000413)[877 bg][856 ds],memory B cell (CL:0000787)[673 bg][574 ds],glial cell (CL:0000125)[348 bg][346 ds],basal cell (CL:0000646)[311 bg][215 ds]
"5,1","naive thymus-derived CD4-positive, alpha-beta T cell (CL:0000895)[203 bg][167 ds]","naive thymus-derived CD8-positive, alpha-beta T cell (CL:0000900)[68 bg][55 ds]",plasma cell (CL:0000786)[48 bg][44 ds],alpha-beta T cell (CL:0000789)[46 bg][40 ds],hematopoietic stem cell (CL:0000037)[38 bg][33 ds]
"5,2","CD4-positive, alpha-beta memory T cell (CL:0000897)[2268 bg][1594 ds]",naive B cell (CL:0000788)[741 bg][708 ds],"naive thymus-derived CD4-positive, alpha-beta T cell (CL:0000895)[430 bg][412 ds]",fibroblast (CL:0000057)[332 bg][314 ds],naive T cell (CL:0000898)[277 bg][267 ds]
"6,0","naive thymus-derived CD4-positive, alpha-beta T cell (CL:0000895)[196 bg][168 ds]",plasma cell (CL:0000786)[109 bg][101 ds],erythroblast (CL:0000765)[69 bg][64 ds],"naive thymus-derived CD8-positive, alpha-beta T cell (CL:0000900)[64 bg][53 ds]",basal cell (CL:0000646)[62 bg][57 ds]
"6,1","naive thymus-derived CD4-positive, alpha-beta T cell (CL:0000895)[1245 bg][1061 ds]",monocyte (CL:0000576)[674 bg][672 ds],"CD14-low, CD16-positive monocyte (CL:0002396)[499 bg][499 ds]",CD1c-positive myeloid dendritic cell (CL:0002399)[151 bg][145 ds],transitional stage B cell (CL:0000818)[144 bg][144 ds]
"6,2","CD16-positive, CD56-dim natural killer cell, human (CL:0000939)[11818 bg][9068 ds]",mature NK T cell (CL:0000814)[7522 bg][5853 ds],natural killer cell (CL:0000623)[6755 bg][5032 ds],"CD16-negative, CD56-bright natural killer cell, human (CL:0000938)[6646 bg][5411 ds]","CD8-positive, alpha-beta memory T cell (CL:0000909)[5476 bg][4801 ds]"
"6,3",granzyme K-associated CD8 T cell (CL:4052021)[4607 bg][4352 ds],"CD8-positive, alpha-beta memory T cell (CL:0000909)[4091 bg][3611 ds]","CD4-positive, alpha-beta memory T cell (CL:0000897)[3216 bg][2747 ds]","naive thymus-derived CD4-positive, alpha-beta T cell (CL:0000895)[2460 bg][2213 ds]","CD8-positive, alpha-beta T cell (CL:0000625)[2310 bg][1986 ds]"
"6,4","CD4-positive, alpha-beta memory T cell (CL:0000897)[17231 bg][10712 ds]","naive thymus-derived CD4-positive, alpha-beta T cell (CL:0000895)[9560 bg][7160 ds]",naive T cell (CL:0000898)[2622 bg][1744 ds],T cell (CL:0000084)[2420 bg][2011 ds],"CD4-positive, alpha-beta T cell (CL:0000624)[2311 bg][1618 ds]"
"6,5","CD4-positive, CD25-positive, alpha-beta regulatory T cell (CL:0000792)[7981 bg][6433 ds]",regulatory T cell (CL:0000815)[3352 bg][2627 ds],"CD4-positive, alpha-beta memory T cell (CL:0000897)[1557 bg][1417 ds]","naive thymus-derived CD4-positive, alpha-beta T cell (CL:0000895)[995 bg][959 ds]",T follicular helper cell (CL:0002038)[964 bg][907 ds]
"7,0",fibroblast (CL:0000057)[530 bg][477 ds],"CD4-positive, CD25-positive, alpha-beta regulatory T cell (CL:0000792)[439 bg][439 ds]",endocardial cell (CL:0002350)[301 bg][139 ds],myofibroblast cell (CL:0000186)[250 bg][243 ds],macrophage (CL:0000235)[223 bg][215 ds]
"7,1",deuterosomal cell (CL:4033044)[344 bg][224 ds],epithelial cell (CL:0000066)[116 bg][116 ds],CD141-positive myeloid dendritic cell (CL:0002394)[112 bg][107 ds],epithelial cell of proximal tubule segment 2 (CL:4030010)[69 bg][69 ds],alpha-beta T cell (CL:0000789)[68 bg][68 ds]
"7,2",pulmonary alveolar type 2 cell (CL:0002063)[1065 bg][625 ds],"CD4-positive, alpha-beta memory T cell (CL:0000897)[700 bg][650 ds]","naive thymus-derived CD4-positive, alpha-beta T cell (CL:0000895)[639 bg][628 ds]",memory B cell (CL:0000787)[567 bg][549 ds],transitional stage B cell (CL:0000818)[552 bg][552 ds]
"8,0",endothelial cell of artery (CL:1000413)[911 bg][886 ds],"CD4-positive, alpha-beta memory T cell (CL:0000897)[719 bg][668 ds]",fibroblast (CL:0000057)[603 bg][525 ds],"naive thymus-derived CD4-positive, alpha-beta T cell (CL:0000895)[582 bg][576 ds]",myofibroblast cell (CL:0000186)[228 bg][224 ds]
"8,1",pulmonary alveolar type 2 cell (CL:0002063)[1059 bg][620 ds],endothelial cell of lymphatic vessel (CL:0002138)[694 bg][565 ds],club cell (CL:0000158)[423 bg][356 ds],vein endothelial cell (CL:0002543)[382 bg][363 ds],intestine goblet cell (CL:0019031)[328 bg][327 ds]
"8,2",endothelial cell of lymphatic vessel (CL:0002138)[1992 bg][1477 ds],vein endothelial cell (CL:0002543)[1060 bg][986 ds],neuron (CL:0000540)[569 bg][564 ds],capillary endothelial cell (CL:0002144)[375 bg][360 ds],endothelial cell (CL:0000115)[345 bg][320 ds]
"8,3",endothelial cell of lymphatic vessel (CL:0002138)[3729 bg][2623 ds],basal cell (CL:0000646)[502 bg][286 ds],endothelial cell of respiratory system lymphatic vessel (CL:0009086)[447 bg][447 ds],plasma cell (CL:0000786)[397 bg][248 ds],erythroblast (CL:0000765)[329 bg][197 ds]
"8,4",endothelial cell of artery (CL:1000413)[1071 bg][989 ds],endothelial cell of lymphatic vessel (CL:0002138)[635 bg][553 ds],epithelial cell of distal tubule (CL:0002305)[294 bg][294 ds],vein endothelial cell (CL:0002543)[234 bg][211 ds],"CD4-positive, CD25-positive, alpha-beta regulatory T cell (CL:0000792)[197 bg][195 ds]"
"9,0","CD4-positive, alpha-beta memory T cell (CL:0000897)[368 bg][364 ds]","CD4-positive, alpha-beta cytotoxic T cell (CL:0000934)[299 bg][298 ds]",fibroblast (CL:0000057)[245 bg][196 ds],mucosal-associated invariant T cell (CL:0000940)[184 bg][173 ds],pericyte (CL:0000669)[144 bg][142 ds]
"9,1",memory B cell (CL:0000787)[22125 bg][10317 ds],naive B cell (CL:0000788)[7027 bg][5565 ds],B cell (CL:0000236)[4126 bg][2496 ds],transitional stage B cell (CL:0000818)[3285 bg][2375 ds],microglial cell (CL:0000129)[939 bg][869 ds]
"9,2","CD4-positive, alpha-beta memory T cell (CL:0000897)[17125 bg][10705 ds]","naive thymus-derived CD4-positive, alpha-beta T cell (CL:0000895)[9252 bg][7032 ds]",T cell (CL:0000084)[2699 bg][2192 ds],naive T cell (CL:0000898)[2494 bg][1681 ds],"CD4-positive, alpha-beta T cell (CL:0000624)[2409 bg][1631 ds]"
"9,3",CD1c-positive myeloid dendritic cell (CL:0002399)[3279 bg][2780 ds],memory B cell (CL:0000787)[1261 bg][1070 ds],naive B cell (CL:0000788)[398 bg][348 ds],microglial cell (CL:0000129)[337 bg][306 ds],B cell (CL:0000236)[266 bg][238 ds]
"9,4",naive B cell (CL:0000788)[1634 bg][1483 ds],pro-B cell (CL:0000826)[1424 bg][1017 ds],"naive thymus-derived CD4-positive, alpha-beta T cell (CL:0000895)[1281 bg][1097 ds]",memory B cell (CL:0000787)[984 bg][910 ds],precursor B cell (CL:0000817)[802 bg][601 ds]
"9,5",plasmacytoid dendritic cell (CL:0000784)[1454 bg][1216 ds],plasma cell (CL:0000786)[403 bg][348 ds],memory B cell (CL:0000787)[403 bg][372 ds],basal cell (CL:0000646)[203 bg][151 ds],erythroblast (CL:0000765)[144 bg][109 ds]
